timestamp,open,high,low,close,volume
2022-01-03,100.4100,100.4805,100.1826,100.4567,1605687
2022-01-04,100.7268,101.0207,99.0520,99.3001,563519
2022-01-05,99.0860,100.4549,98.5608,100.2886,1049682
2022-01-06,99.8376,101.7757,99.7057,101.5183,1167406
2022-01-07,100.6195,100.6207,99.1744,99.2584,1939763
2022-01-10,99.0967,99.2316,97.6123,97.8074,1320481
2022-01-11,98.5202,98.7843,97.2194,98.0458,1304253
2022-01-12,98.1738,98.3210,97.7455,97.7624,720114
2022-01-13,97.5984,98.1266,96.8186,97.8307,1690580
2022-01-14,97.9673,98.1157,96.8702,96.9215,1004428
2022-01-17,96.4687,98.5222,96.4425,98.0379,637807
2022-01-18,97.9505,99.6178,97.7358,99.0463,1981471
2022-01-19,99.0759,99.4128,98.7210,99.2141,785106
2022-01-20,99.1885,101.3222,98.3960,100.6558,524345
2022-01-21,100.8949,101.7368,100.2160,101.3133,616756
2022-01-24,101.4181,101.8323,100.2798,100.3642,1178761
2022-01-25,100.5657,100.9211,100.2781,100.9001,654355
2022-01-26,100.6919,100.8022,99.3116,99.8355,1763981
2022-01-27,100.1048,101.1204,99.9786,100.9844,1268671
2022-01-28,101.4791,101.7306,100.2331,101.0147,985851
2022-01-31,100.7212,101.0188,100.2103,100.8817,504724
2022-02-01,100.6134,100.7406,99.0493,100.1508,1219697
2022-02-02,100.5529,101.8891,100.4588,101.7224,726956
2022-02-03,101.6640,101.9146,101.5488,101.6254,1967068
2022-02-04,102.0543,102.9148,101.0236,101.1954,936632
2022-02-07,101.0611,101.2085,100.4242,100.8594,1212315
2022-02-08,101.3006,102.4831,100.8150,101.5971,527931
2022-02-09,101.6372,102.1503,101.5679,102.1355,696381
2022-02-10,102.2147,102.7370,101.3419,102.7351,811229
2022-02-11,103.2184,103.7928,102.9636,103.3605,577582
2022-02-14,103.2484,106.6511,103.0191,106.1468,1588990
2022-02-15,105.8475,105.9334,105.5947,105.7255,1918124
2022-02-16,105.5833,105.7946,104.7593,105.1722,1978033
2022-02-17,105.3150,105.5194,103.7583,104.2440,898714
2022-02-18,103.7554,105.3339,102.9218,105.1119,1683119
2022-02-21,105.3131,106.6422,104.9090,106.6416,1256095
2022-02-22,106.4693,107.0122,106.1503,106.5917,568786
2022-02-23,106.9594,107.1980,104.9046,105.6175,636052
2022-02-24,104.8616,105.1995,104.2824,104.6719,1321679
2022-02-25,104.4252,105.8733,103.7918,105.5872,1135482
2022-02-28,105.0544,107.0363,104.9447,106.6291,512572
2022-03-01,106.3651,107.8415,106.0078,107.4230,1895158
2022-03-02,107.5028,107.8032,106.5634,106.6645,1595505
2022-03-03,106.6071,107.1020,106.5624,107.0584,1253619
2022-03-04,106.9770,107.6321,106.3934,107.3049,1980490
2022-03-07,107.2537,108.0538,107.1521,107.6837,1956702
2022-03-08,107.7495,109.1479,106.9820,108.9137,1960927
2022-03-09,108.5847,109.5419,108.2358,109.3046,888253
2022-03-10,109.5367,110.7196,109.2952,110.2980,1821336
2022-03-11,110.5175,110.7109,110.3121,110.4869,1256817
2022-03-14,110.6146,111.5219,109.9212,110.9707,1589055
2022-03-15,111.1561,112.0066,110.8341,111.9152,1789296
2022-03-16,112.0148,112.0639,109.8182,110.0743,744989
2022-03-17,110.7484,111.8316,109.5912,109.7516,1172378
2022-03-18,109.7229,110.3274,108.6310,109.2321,693348
2022-03-21,109.1316,109.7741,108.2228,108.4955,919231
2022-03-22,108.2505,108.3154,107.9198,108.2352,1120275
2022-03-23,107.9006,110.4750,107.5676,110.2936,1783213
2022-03-24,109.8826,109.9347,108.8983,109.2519,1793998
2022-03-25,108.9610,110.8251,108.8974,110.6283,1084834
2022-03-28,110.6048,110.6728,108.3441,108.5142,993792
2022-03-29,108.6231,109.2549,108.1158,108.1763,1296084
2022-03-30,108.1929,108.6835,107.8395,108.4854,1867806
2022-03-31,108.2365,109.8449,107.7400,109.3496,1964790
2022-04-01,109.6453,110.6707,109.2330,110.3862,840146
2022-04-04,110.6313,111.5693,110.3504,111.5425,779724
2022-04-05,111.4890,111.9671,110.6593,111.1767,1560161
2022-04-06,110.9591,111.1611,110.5894,110.6611,952100
2022-04-07,110.8433,112.5539,110.5198,111.9070,799643
2022-04-08,111.9701,112.0048,111.0415,111.7509,546604
2022-04-11,111.2665,111.3541,110.1413,110.1523,1104817
2022-04-12,110.1299,110.6209,108.6666,108.7623,1087756
2022-04-13,108.8478,108.9477,107.5186,107.6657,1344587
2022-04-14,107.3755,109.0982,107.3700,108.4075,800275
2022-04-15,108.4693,109.0876,107.8386,108.6907,1571549
2022-04-18,108.2174,109.7932,107.6709,109.6937,1520052
2022-04-19,110.1343,110.7154,109.2182,109.2310,1193523
2022-04-20,109.6407,110.8727,109.0868,109.5376,771982
2022-04-21,109.4546,110.7215,108.4852,110.4623,1260434
2022-04-22,110.5829,111.2177,109.9998,110.1521,1512219
2022-04-25,109.3586,110.9654,108.8383,110.8573,1059074
2022-04-26,110.4734,110.5402,110.0119,110.0793,895213
2022-04-27,109.9823,110.1726,109.4580,109.6994,1259758
2022-04-28,109.3471,109.3742,108.9890,109.2964,1032826
2022-04-29,109.5309,109.5792,107.7847,107.8362,1100769
2022-05-02,108.4843,108.7432,107.7809,108.5658,1023290
2022-05-03,108.1833,108.7883,107.0400,108.0532,955197
2022-05-04,107.7821,108.8346,107.3756,108.1667,1575127
2022-05-05,108.2432,109.1750,107.8167,108.8905,1190363
2022-05-06,109.4181,109.6954,109.2187,109.5741,1199763
2022-05-09,109.1730,110.8156,108.5676,110.5520,1479628
2022-05-10,110.6346,110.6384,109.8975,110.5208,1041948
2022-05-11,111.1264,111.4797,109.9833,110.0599,651551
2022-05-12,109.5158,110.1330,109.1962,110.0536,1778934
2022-05-13,109.6315,109.9192,107.7816,107.9448,583557
2022-05-16,107.8077,108.3365,105.9898,106.1820,1357925
2022-05-17,106.0163,106.6860,104.4698,104.6040,898732
2022-05-18,104.8593,105.0668,103.3540,103.4528,820746
2022-05-19,103.5278,104.4491,102.8744,104.0438,562934
2022-05-20,103.4913,104.0054,102.5722,103.0121,1850136
2022-05-23,103.1715,103.6379,102.4617,102.4842,1143807
2022-05-24,102.3068,104.2876,101.8433,104.0321,1013975
2022-05-25,104.4306,104.6805,103.0025,103.5262,1611842
2022-05-26,103.3314,104.6008,102.7438,104.3838,558469
2022-05-27,104.1846,104.6419,103.0301,103.1590,1346826
2022-05-30,103.3266,103.6162,102.2845,102.8432,1241900
2022-05-31,103.0789,103.6379,101.4099,101.6165,1330156
2022-06-01,101.7532,102.0766,101.0642,101.1432,685907
2022-06-02,100.6330,102.6394,100.5454,102.1070,1928808
2022-06-03,102.2719,102.6156,99.7988,99.9523,857699
2022-06-06,99.6426,101.0119,99.5278,100.4144,1517675
2022-06-07,100.4853,100.7503,100.3839,100.6409,1620666
2022-06-08,100.2120,100.6739,99.8490,99.8660,1015975
2022-06-09,99.9998,100.0960,98.0583,98.0891,696127
2022-06-10,97.8520,98.1552,97.5866,98.1152,945005
2022-06-13,97.7384,97.7692,97.2279,97.4352,1710416
2022-06-14,97.6441,98.0919,96.5059,97.6491,1859742
2022-06-15,97.7199,97.8611,96.9222,97.6161,1905360
2022-06-16,97.4365,99.5909,97.3102,99.4509,839466
2022-06-17,99.8848,100.2798,98.8048,99.1061,1409798
2022-06-20,98.9752,99.1535,97.6117,97.8377,726553
2022-06-21,97.8471,97.9908,97.8289,97.9895,1565538
2022-06-22,98.0686,98.4841,97.7698,98.1896,1123801
2022-06-23,98.0073,99.8385,97.5464,99.7444,1570379
2022-06-24,99.8855,100.7628,99.8086,100.6886,1527689
2022-06-27,100.5276,101.1692,100.0724,101.0600,1989211
2022-06-28,100.9353,103.5169,99.9888,102.7886,1232965
2022-06-29,103.2097,103.2503,100.6277,101.2719,1012307
2022-06-30,100.9563,101.0548,100.2865,100.4372,1290133
2022-07-01,99.7128,100.5494,98.8390,99.2670,744284
2022-07-04,99.7479,100.1047,98.2627,98.7445,667640
2022-07-05,99.5026,99.6073,96.7458,97.0684,1278750
2022-07-06,96.9504,98.0205,96.8938,97.7523,1738109
2022-07-07,97.1860,97.9720,97.1794,97.4335,1299874
2022-07-08,97.3428,97.4071,95.5632,95.6715,1672885
2022-07-11,95.5894,96.0821,94.0462,94.4560,766868
2022-07-12,94.4022,94.7785,93.7356,94.7551,1174086
2022-07-13,94.4392,95.6698,94.0713,95.6555,1419664
2022-07-14,95.8220,97.9512,95.8188,97.9164,1021513
2022-07-15,98.0706,101.3415,97.9907,101.3400,521187
2022-07-18,100.8866,102.4839,100.2930,101.7841,610171
2022-07-19,101.9978,102.9442,100.3200,100.5223,1891502
2022-07-20,101.1432,101.9530,96.9787,97.9243,1407705
2022-07-21,97.9748,98.3938,97.7207,98.1805,896861
2022-07-22,98.0811,98.0868,96.5891,97.1690,888228
2022-07-25,97.1276,97.3957,96.6072,96.6279,559340
2022-07-26,96.8064,96.9896,95.8175,95.8632,1917166
2022-07-27,95.3668,95.7910,94.9206,95.6440,662374
2022-07-28,95.6912,97.2118,95.6228,96.8172,1639185
2022-07-29,96.7039,97.3411,96.4354,96.9417,860373
2022-08-01,97.4805,97.5523,96.5033,96.6993,1003439
2022-08-02,96.6487,97.0209,94.9617,95.4476,910859
2022-08-03,95.9264,96.0310,93.2920,93.4925,1736781
2022-08-04,93.1835,93.3928,92.7495,92.8928,549214
2022-08-05,93.0566,93.3163,92.6894,92.7772,1028433
2022-08-08,92.8661,94.7515,92.2840,94.7096,919032
2022-08-09,94.4630,94.8014,94.3162,94.8009,909433
2022-08-10,94.8514,96.4328,94.1837,95.8680,789412
2022-08-11,96.2173,97.1606,94.9517,95.2381,1868670
2022-08-12,95.1457,95.6852,93.7889,93.8372,1067931
2022-08-15,93.3621,93.8054,91.8159,92.7010,1127308
2022-08-16,92.6961,92.8308,91.4385,91.8427,1077751
2022-08-17,91.5944,94.2581,91.5567,94.1622,1970326
2022-08-18,94.0655,94.6327,92.5124,93.1827,1008511
2022-08-19,93.1599,94.4392,92.7159,94.0685,1012530
2022-08-22,93.5884,93.9107,92.7400,92.9990,991885
2022-08-23,92.5493,94.9119,92.4664,93.9880,990450
2022-08-24,94.1241,95.0467,94.1233,94.3666,634596
2022-08-25,94.2187,94.3739,94.0267,94.1329,1406413
2022-08-26,93.4114,94.1671,93.1503,94.0304,537807
2022-08-29,94.2521,94.6853,93.2052,93.2385,838928
2022-08-30,93.3147,94.3977,92.7182,93.6827,803171
2022-08-31,93.4823,93.5260,93.0664,93.1167,937233
2022-09-01,92.7496,93.1198,91.5371,91.7022,1634974
2022-09-02,91.9324,91.9636,90.1704,90.2525,1399245
2022-09-05,90.3471,90.9639,89.7635,90.3854,1986214
2022-09-06,91.0337,92.3397,90.6738,92.0592,1026798
2022-09-07,92.1753,92.2355,92.0409,92.1807,1892789
2022-09-08,92.2880,92.4232,91.7272,91.9944,567369
2022-09-09,91.9483,92.4091,91.8451,92.2551,1256329
2022-09-12,92.4814,94.1508,91.9263,93.6561,1698272
2022-09-13,93.8319,94.1675,93.4470,93.8467,1297735
2022-09-14,94.1997,94.5012,93.1282,93.3290,1899965
2022-09-15,93.1832,94.7588,92.7253,94.5195,971872
2022-09-16,94.3961,94.9541,94.1547,94.9501,549999
2022-09-19,94.8137,97.1903,94.5709,96.6582,1660909
2022-09-20,96.8877,97.0103,96.6044,96.8128,602006
2022-09-21,97.2490,97.3911,95.2489,95.3435,1647135
2022-09-22,95.2123,95.4458,93.6816,93.7346,1600125
2022-09-23,93.6153,95.6067,93.2883,95.5528,1766408
2022-09-26,95.6429,98.0886,95.4383,97.4913,1218389
2022-09-27,97.4194,97.8120,96.6116,97.2231,1843256
2022-09-28,97.5012,97.6013,96.1844,96.7191,754747
2022-09-29,96.0679,98.6663,95.8635,98.3712,1151523
2022-09-30,98.1275,98.8865,96.5301,97.0148,682751
2022-10-03,96.7873,97.5463,95.7638,95.9212,1650313
2022-10-04,95.2558,97.0811,95.0783,96.6065,1571408
2022-10-05,96.3277,96.6847,95.1798,96.0925,1709598
2022-10-06,95.8290,96.5993,95.1629,96.0290,1646514
2022-10-07,95.9710,96.3773,95.7053,95.7833,962689
2022-10-10,96.1037,96.7679,95.6701,96.2587,602099
2022-10-11,96.1880,98.1770,95.9981,97.9864,1893863
2022-10-12,97.6839,98.3464,97.6286,98.1813,1239227
2022-10-13,98.1646,99.0726,97.2515,99.0320,641512
2022-10-14,99.3442,99.6028,96.6208,96.7124,1890596
2022-10-17,96.4296,97.0038,95.6956,96.7429,1991403
2022-10-18,96.4790,96.7539,95.6813,95.8551,1168246
2022-10-19,96.0159,96.3537,94.4502,94.5484,1655136
2022-10-20,94.4856,95.3479,93.2577,93.6416,554447
2022-10-21,93.8236,93.9353,93.2896,93.3508,639906
2022-10-24,93.3470,94.8026,93.1301,94.4675,914849
2022-10-25,94.6665,94.8517,92.2124,93.0595,1484344
2022-10-26,92.7710,93.2468,92.5331,93.1775,700134
2022-10-27,93.1742,93.4401,92.6792,92.7211,551269
2022-10-28,92.6626,93.6454,92.0660,92.4404,1503156
2022-10-31,92.1039,94.1599,92.0572,93.6437,1655280
2022-11-01,93.2055,95.0185,92.9879,94.3353,1608819
2022-11-02,94.5295,96.8112,94.3297,95.9477,1698834
2022-11-03,95.8468,96.3146,95.6143,95.8562,1704276
2022-11-04,95.5627,96.0692,94.6353,95.1446,1403615
2022-11-07,95.1172,95.1341,94.5770,94.9748,1279120
2022-11-08,95.2968,95.8295,94.7640,95.3374,1785290
2022-11-09,94.6873,95.7828,94.4363,95.6256,1022040
2022-11-10,95.1972,95.4952,93.7477,94.4743,646824
2022-11-11,94.2131,95.0033,93.7883,94.6621,1627944
2022-11-14,95.0780,95.2773,94.9701,95.0072,913885
2022-11-15,95.0878,98.2950,94.7301,98.0093,1968280
2022-11-16,98.2352,100.5634,98.0272,100.3320,1121266
2022-11-17,99.9894,100.2132,99.3702,99.3994,1777689
2022-11-18,99.0661,99.3709,99.0512,99.1464,563686
2022-11-21,99.2796,99.4979,97.4727,97.5081,1488846
2022-11-22,97.5252,97.9632,96.8946,96.9066,1172324
2022-11-23,97.0662,97.8230,96.9830,97.3619,1193903
2022-11-24,97.3071,98.9041,96.7458,98.8699,897820
2022-11-25,98.9524,99.0819,97.8942,98.0969,1956790
2022-11-28,98.1435,98.4546,97.0611,97.4175,1089102
2022-11-29,97.6451,97.6555,94.5048,95.0249,1775719
2022-11-30,95.2552,95.4726,94.8530,94.9250,1137653
2022-12-01,94.4648,94.6984,93.4992,93.8068,572413
2022-12-02,93.1765,93.8758,93.1350,93.2967,1819117
2022-12-05,93.5775,94.0555,92.2596,92.4032,777664
2022-12-06,92.7331,93.1045,91.8359,92.3819,905511
2022-12-07,92.0995,92.7197,90.3517,90.5352,1791660
2022-12-08,90.0314,90.2226,88.5682,89.0354,1840614
2022-12-09,89.0618,91.8040,88.8227,91.4219,1875131
2022-12-12,91.6775,91.7024,89.8222,90.1014,1138956
2022-12-13,90.5886,90.7379,88.7979,89.0034,1635459
2022-12-14,89.1413,91.7275,89.0294,91.0690,991711
2022-12-15,90.9675,94.4494,90.7885,94.3846,1610586
2022-12-16,94.1320,94.7192,92.8181,93.1507,1253768
2022-12-19,93.1539,93.5144,92.5360,92.8235,577938
2022-12-20,92.7402,93.8547,92.5106,93.2887,1126614
2022-12-21,93.0050,95.6337,92.7608,95.3299,1201589
2022-12-22,95.9176,96.0334,94.0791,94.2924,886058
2022-12-23,94.7988,95.0738,93.6862,94.0999,1061704
2022-12-26,94.4212,95.3063,94.1837,95.0673,1254018
2022-12-27,94.8051,95.9470,94.1566,95.6507,574552
2022-12-28,95.8963,95.9111,94.4412,95.3056,727702
2022-12-29,95.4887,96.1532,94.8457,95.2384,1650174
2022-12-30,95.3649,95.5489,93.7379,93.7643,1027894
2023-01-02,94.1165,94.4927,93.1406,93.5809,1412577
2023-01-03,93.7594,93.7960,93.0758,93.3662,1348685
2023-01-04,93.5737,94.0093,93.3379,93.7110,1326827
2023-01-05,93.8902,94.0582,92.7784,93.1724,1120112
2023-01-06,93.2677,93.8041,92.8753,93.7855,1224972
2023-01-09,93.2850,95.0615,93.2312,95.0177,1735868
2023-01-10,95.0415,95.5994,94.5789,95.2808,1947574
2023-01-11,95.1219,96.0236,94.8015,95.7699,885082
2023-01-12,95.4029,96.1668,95.0527,95.9173,1504211
2023-01-13,96.4025,96.6314,94.9249,96.0038,1954657
2023-01-16,96.5031,97.0964,95.0898,95.2618,511376
2023-01-17,95.6511,96.2653,95.6235,95.7104,1677083
2023-01-18,95.7837,95.9274,95.1890,95.6848,1245231
2023-01-19,96.0733,98.3536,95.4177,98.2070,1951389
2023-01-20,98.2106,100.4188,97.7708,100.1689,1367401
2023-01-23,100.2299,100.7338,100.1108,100.7244,1757204
2023-01-24,100.3945,100.6354,99.3580,99.8962,749021
2023-01-25,100.0152,100.6633,98.5771,98.6603,713155
2023-01-26,98.6782,100.3165,98.2355,100.1707,1889869
2023-01-27,99.7800,100.6653,99.1964,100.5776,1289690
2023-01-30,100.5621,101.7332,100.2366,101.2498,1337513
2023-01-31,101.2256,102.1045,99.2036,99.2415,754967
2023-02-01,99.7781,101.2517,98.8057,100.4425,840095
2023-02-02,100.7123,101.4044,100.3161,101.0826,1727341
2023-02-03,101.0861,101.1105,99.5598,99.8344,954993
2023-02-06,99.9090,100.0090,98.8784,99.3605,1376243
2023-02-07,99.3737,100.2945,98.9328,99.7652,974800
2023-02-08,99.7045,99.9272,99.0695,99.9179,895173
2023-02-09,99.5940,100.4565,99.4738,99.6578,749030
2023-02-10,99.6127,99.9522,99.2081,99.6238,1894398
2023-02-13,99.4010,99.4799,98.7417,99.4124,1910093
2023-02-14,99.0402,99.8593,99.0371,99.6843,672779
2023-02-15,99.8373,101.7118,99.7279,101.5515,1029875
2023-02-16,101.6707,102.5367,98.4415,98.5600,1345793
2023-02-17,98.0332,98.4702,97.3069,98.3688,1074929
2023-02-20,98.3326,98.9998,98.2045,98.6661,1581560
2023-02-21,98.9613,99.7310,98.8318,99.1064,890345
2023-02-22,99.4218,99.6848,98.6954,98.7539,588272
2023-02-23,99.0583,99.5169,96.5628,96.7810,1005402
2023-02-24,96.7922,97.6256,96.6207,97.2501,1396784
2023-02-27,97.0039,99.2486,96.9885,99.2274,770958
2023-02-28,98.9053,99.7300,97.1870,97.3593,1723851
2023-03-01,97.4600,98.5563,97.3413,98.3147,518373
2023-03-02,98.4267,98.7235,97.7088,97.8692,601290
2023-03-03,98.2479,98.3466,97.7024,97.7385,1263254
2023-03-06,98.0616,99.0346,95.7124,96.4535,1268364
2023-03-07,96.4152,96.7995,95.8263,96.0095,942326
2023-03-08,95.6518,97.9412,95.6516,97.4606,887835
2023-03-09,97.3673,99.1755,97.3519,98.0855,604718
2023-03-10,98.1495,100.2249,97.7723,100.0858,1494386
2023-03-13,100.0251,101.9279,99.2438,101.4490,1068539
2023-03-14,101.2733,102.2518,100.4737,101.9238,678016
2023-03-15,102.0012,104.2977,101.8895,104.0168,1099758
2023-03-16,103.8597,104.6724,103.8567,104.5035,1905577
2023-03-17,104.3068,105.7223,104.2358,105.4837,891855
2023-03-20,105.5823,106.3578,104.8518,105.0459,1842092
2023-03-21,104.9193,105.1521,104.6405,105.0668,888114
2023-03-22,105.1438,105.3019,103.7402,104.1287,778961
2023-03-23,104.2140,105.9349,104.0123,105.3094,890963
2023-03-24,104.9500,105.4497,103.6602,103.7685,984898
2023-03-27,103.6188,105.0029,102.7452,104.6845,680913
2023-03-28,105.1370,105.3728,104.0614,104.3826,1381452
2023-03-29,104.0193,105.8060,103.5110,105.7966,1000172
2023-03-30,105.1269,107.3571,104.8558,106.6901,1577093
2023-03-31,106.0958,109.0810,105.7225,108.9813,1236484
2023-04-03,108.9908,110.3004,108.6970,109.8752,1163984
2023-04-04,109.8854,110.0142,107.3863,107.7572,1206492
2023-04-05,107.7192,108.4038,106.9352,107.6061,734436
2023-04-06,107.9988,108.0523,105.6681,106.0397,1569320
2023-04-07,105.1928,105.6316,105.0975,105.3190,656227
2023-04-10,105.4442,107.9872,105.1290,107.1820,1582293
2023-04-11,107.6853,108.4044,107.6606,107.9404,1999648
2023-04-12,107.5758,107.9530,106.4966,106.9747,1645997
2023-04-13,106.8528,106.9683,105.4427,105.6179,1183028
2023-04-14,105.3796,105.7700,105.1356,105.5960,971713
2023-04-17,105.3131,106.0964,103.9666,104.0032,1808797
2023-04-18,103.9015,104.0962,103.0166,103.1071,885786
2023-04-19,103.5496,103.8221,103.3248,103.4318,1223564
2023-04-20,104.0035,105.9493,103.3885,104.8128,1656309
2023-04-21,104.7073,105.6082,104.3300,105.5180,1883536
2023-04-24,106.1228,106.4615,102.3536,102.5947,1881434
2023-04-25,102.6056,103.0844,102.6011,102.9083,631639
2023-04-26,103.4511,103.6328,102.5736,102.9355,1847394
2023-04-27,102.9067,103.6038,102.2903,103.3860,671028
2023-04-28,103.4266,105.7825,102.8846,105.3474,1376714
2023-05-01,105.4630,106.4374,101.8724,102.7095,1894448
2023-05-02,103.6937,103.8293,101.9091,101.9224,1482209
2023-05-03,102.1830,102.8866,101.7259,102.5861,1921239
2023-05-04,102.3687,102.7437,100.4424,100.5971,1016501
2023-05-05,100.8900,102.3780,100.6231,102.3333,972076
2023-05-08,102.2223,102.8289,101.9599,102.7250,989323
2023-05-09,102.5742,103.9449,102.4793,103.7116,1032747
2023-05-10,103.9947,104.5321,102.8185,102.9417,1524208
2023-05-11,102.9513,104.0361,102.6745,103.8895,1178675
2023-05-12,103.9764,105.9717,103.7788,105.1670,1606144
2023-05-15,105.1714,105.5946,104.8803,105.3981,1124242
2023-05-16,105.5045,105.7905,105.4334,105.6315,961587
2023-05-17,105.7663,106.1261,105.3247,105.9112,785067
2023-05-18,105.2976,105.4704,104.5919,104.7568,1326586
2023-05-19,104.9664,105.0731,103.9248,104.5087,1847563
2023-05-22,104.2013,104.4126,103.9280,104.2551,1788449
2023-05-23,103.8049,105.0566,103.3546,104.6730,879961
2023-05-24,104.6547,106.6069,104.0634,105.8729,1216451
2023-05-25,105.8995,106.2647,104.0459,104.4738,1557908
2023-05-26,104.2567,104.4150,104.1338,104.2547,1418636
2023-05-29,104.5149,106.2209,104.4492,106.0610,600733
2023-05-30,105.6348,106.1110,104.9679,105.0557,1386587
2023-05-31,104.9275,105.4852,103.6797,103.9618,558126
2023-06-01,103.7796,104.6710,103.6257,104.1520,674748
2023-06-02,104.1375,105.5532,104.0393,105.1496,1480595
2023-06-05,105.2376,105.8753,104.7344,105.1010,653821
2023-06-06,104.7836,107.0804,104.5482,106.7264,1008523
2023-06-07,106.9586,107.9392,106.6950,107.7647,1382639
2023-06-08,107.7851,109.4921,107.2702,108.7936,1483189
2023-06-09,108.1778,109.4643,107.7172,109.4537,1168596
2023-06-12,108.8125,112.6505,108.0167,112.4865,641031
2023-06-13,112.4824,112.7326,111.8152,112.1426,1698656
2023-06-14,112.0683,112.1478,108.6213,109.4130,1924777
2023-06-15,109.3790,111.6026,108.7554,111.4728,1833079
2023-06-16,111.4634,112.1204,110.0750,110.7957,1622771
2023-06-19,110.8707,111.4164,110.5492,110.8727,1103328
2023-06-20,111.1883,113.8521,110.5558,112.5612,1814400
2023-06-21,112.1866,112.3291,110.1498,110.3514,1232262
2023-06-22,109.9641,110.0365,108.5971,108.6411,704705
2023-06-23,108.2854,109.0443,105.6541,106.5096,1775821
2023-06-26,106.6019,106.6421,105.3236,105.4361,980241
2023-06-27,105.8306,106.4594,105.3804,105.9303,1908052
2023-06-28,105.7933,106.9978,105.7088,106.5347,1052516
2023-06-29,105.7382,106.9681,105.0779,106.8244,1804092
2023-06-30,106.2797,106.6690,104.7377,104.9657,1305758
2023-07-03,104.7037,104.9851,101.6165,102.0346,1201091
2023-07-04,101.8640,102.6429,101.5449,102.0399,945302
2023-07-05,101.9150,102.1362,100.9419,101.4030,1753554
2023-07-06,101.4148,102.0908,100.5402,101.9024,590946
2023-07-07,101.8071,103.4715,101.6987,102.7028,1203309
2023-07-10,103.0266,103.7941,102.5724,102.8116,1053317
2023-07-11,102.6033,103.9414,101.9667,103.6914,1315087
2023-07-12,103.4235,103.9905,103.2361,103.9147,881823
2023-07-13,104.0641,104.7556,103.8768,104.5150,1496888
2023-07-14,104.0346,104.6213,103.1271,103.5728,1078881
2023-07-17,103.6940,104.1844,103.2134,103.4429,782196
2023-07-18,103.4747,103.9153,103.0313,103.7808,795439
2023-07-19,103.7349,104.9877,103.4847,104.9020,1544757
2023-07-20,105.4031,105.6104,104.4472,104.5016,892844
2023-07-21,104.3067,105.4963,104.0484,105.2519,960879
2023-07-24,105.9044,106.1987,104.5235,105.0111,1440428
2023-07-25,104.9401,105.0649,104.9265,104.9575,994675
2023-07-26,104.5562,106.3796,104.4946,106.1029,1082230
2023-07-27,106.1252,106.1289,103.4938,103.6887,866717
2023-07-28,103.3545,103.5666,102.0020,102.1799,1018075
2023-07-31,101.9498,102.1206,100.1554,100.4690,1539169
2023-08-01,100.5887,101.4859,97.5831,97.7825,1300858
2023-08-02,97.9456,98.5599,96.8629,97.0772,1996300
2023-08-03,96.8962,98.5369,95.7655,98.0424,1657790
2023-08-04,98.3332,98.8713,97.3301,97.7958,525247
2023-08-07,98.1359,98.4705,96.9203,98.1164,1068301
2023-08-08,98.5401,100.3840,98.2973,99.4968,934776
2023-08-09,99.6549,101.5886,99.2462,101.1857,1381279
2023-08-10,101.6004,101.9951,101.0644,101.1928,898486
2023-08-11,100.6235,102.9541,100.0333,102.9425,1949303
2023-08-14,102.8444,103.2388,102.3945,103.1492,949063
2023-08-15,102.8813,102.9674,101.7900,102.2098,1282970
2023-08-16,102.2464,102.4061,100.7940,101.5747,684367
2023-08-17,101.4008,101.9691,99.4249,99.8759,1864696
2023-08-18,99.8261,99.8985,98.8843,98.9061,1867775
2023-08-21,99.4661,99.8288,98.1006,98.5708,1690508
2023-08-22,98.5206,99.9440,98.2908,99.6155,1027442
2023-08-23,99.7392,102.1605,99.3334,101.7854,588078
2023-08-24,101.7145,101.9809,99.8541,100.2013,1566448
2023-08-25,100.2240,101.0658,99.9304,100.7654,1143648
2023-08-28,100.7672,100.8764,98.9196,99.6046,1985562
2023-08-29,99.7386,100.6364,99.5776,100.2638,1547477
2023-08-30,100.6149,100.9643,99.8504,100.1963,1307951
2023-08-31,100.6927,101.3514,97.5996,98.1072,1980067
2023-09-01,98.1984,99.3896,97.6680,99.2955,1700705
2023-09-04,99.4713,99.5045,98.0328,98.6660,1187564
2023-09-05,98.3259,98.4990,98.1111,98.1241,528281
2023-09-06,98.0983,99.2580,96.5091,96.9598,639178
2023-09-07,97.2337,97.7188,96.0273,96.2881,1165576
2023-09-08,96.5386,97.3052,96.2290,96.8709,1343013
2023-09-11,96.9325,97.1902,96.2450,96.7382,545227
2023-09-12,96.9958,97.3482,96.9590,97.2080,689845
2023-09-13,97.3512,98.2625,96.8730,97.7190,1556442
2023-09-14,98.0715,99.9412,97.2161,99.3693,1627279
2023-09-15,99.4556,99.5129,98.9001,99.0505,544717
2023-09-18,98.9449,99.0597,96.6958,97.3982,1261515
2023-09-19,97.4964,99.6610,97.2031,98.7424,621461
2023-09-20,97.8781,99.0361,97.5222,98.4390,1585147
2023-09-21,98.5521,99.9767,98.2087,99.8543,1751110
2023-09-22,98.7673,100.6433,97.9768,100.4050,1804042
2023-09-25,99.8872,100.4681,99.8647,100.3374,1397262
2023-09-26,100.4735,101.0547,100.3749,100.8490,1443422
2023-09-27,100.9935,103.3744,100.2759,103.3309,1889886
2023-09-28,102.9711,106.2016,102.7018,106.0340,1418658
2023-09-29,105.8077,106.8412,105.7166,106.2179,1169411
2023-10-02,106.6555,106.7042,106.0816,106.5181,1631855
2023-10-03,106.3635,108.9932,105.9772,107.9998,1386258
2023-10-04,108.7290,108.7684,106.4909,107.0057,1763682
2023-10-05,107.0050,108.2988,106.8825,107.5309,1287050
2023-10-06,107.6626,107.8165,107.3421,107.5944,1803580
2023-10-09,108.1175,108.5340,108.0266,108.0977,567296
2023-10-10,108.1402,108.4536,106.8440,107.1184,554645
2023-10-11,106.7968,107.1615,105.0751,105.1891,648557
2023-10-12,105.1545,105.3479,102.6001,102.6971,1334285
2023-10-13,102.6861,103.0922,101.1226,101.4205,1563463
2023-10-16,101.0061,101.0224,100.7588,100.9546,824403
2023-10-17,100.8772,101.3963,100.5946,100.6907,733621
2023-10-18,100.4667,103.7129,100.4311,103.1516,1790518
2023-10-19,103.4380,105.2211,103.2599,104.6239,1625808
2023-10-20,104.6347,105.3746,103.1862,103.5160,1472596
2023-10-23,103.4283,104.0880,103.3307,104.0425,1232551
2023-10-24,104.0093,104.4774,103.5016,103.6287,1130333
2023-10-25,103.6981,103.7036,103.3254,103.3687,530791
2023-10-26,103.5601,104.6296,102.8573,103.6921,782156
2023-10-27,103.3816,104.6392,102.8273,104.5594,1845489
2023-10-30,104.2332,104.3011,103.9074,104.2284,1008535
2023-10-31,104.5744,106.5485,103.7825,105.6626,1556813
2023-11-01,105.5320,106.1471,104.2277,104.3184,1555666
2023-11-02,103.8759,104.5834,103.2215,104.4203,964133
2023-11-03,104.5594,108.5592,104.3550,107.8235,806539
2023-11-06,107.9735,108.4047,107.8998,108.2099,1537500
2023-11-07,107.7141,110.4344,107.4726,110.1862,640374
2023-11-08,110.2620,110.4572,110.2484,110.4066,1242234
2023-11-09,110.6505,111.4257,110.5389,111.2788,1832043
2023-11-10,111.4039,111.7504,110.9532,111.3031,1566993
2023-11-13,111.5144,111.8754,111.0469,111.1758,1646315
2023-11-14,110.7084,111.0972,110.1524,110.2399,624901
2023-11-15,110.3494,111.5195,110.0108,110.9104,799692
2023-11-16,110.8097,110.9553,109.5273,109.8817,912647
2023-11-17,109.7226,110.9418,109.1256,110.8625,938467
2023-11-20,111.1524,112.6940,110.9787,112.4169,791122
2023-11-21,112.9169,113.0244,112.6706,113.0141,1958105
2023-11-22,113.6241,113.9071,112.6235,112.7280,747431
2023-11-23,113.1735,113.9321,112.7366,113.4458,1562276
2023-11-24,113.4085,113.5689,113.0884,113.1282,1380127
2023-11-27,113.2479,115.0140,113.0704,114.5084,1415783
2023-11-28,114.7721,114.9203,111.9839,112.1201,821979
2023-11-29,112.1609,112.6769,111.7291,111.7701,961442
2023-11-30,111.8139,112.1324,108.9979,109.2298,1409747
2023-12-01,109.5001,110.0176,106.4332,107.3842,948687
